{
	"__comment": "Designed by Inposa with Cubik Studio - https://cubik.studio",
	"textures": {
		"piece": "./piece"
	},
	"gui_light": "front",
	"elements": [
		{
			"__comment": "Cube6",
			"from": [ 6.9998, 8.5, 13.0001 ],
			"to": [ 8.9998, 9, 14.0001 ],
			"faces": {
				"down": { "uv": [ 7, 14, 8.5, 13 ], "texture": "#piece", "rotation": 270 },
				"up": { "uv": [ 7, 13, 8.5, 14 ], "texture": "#piece", "rotation": 90 },
				"north": { "uv": [ 7, 13, 8, 14 ], "texture": "#piece", "rotation": 270 },
				"south": { "uv": [ 8.5, 13, 7.5, 14 ], "texture": "#piece", "rotation": 90 },
				"west": { "uv": [ 7, 13, 8.5, 14 ], "texture": "#piece" },
				"east": { "uv": [ 8.5, 14, 7, 13 ], "texture": "#piece" }
			}
		},
		{
			"__comment": "Cube7",
			"from": [ 6.9999, 8.5, 1.9998 ],
			"to": [ 8.9999, 9, 2.9998 ],
			"faces": {
				"down": { "uv": [ 7, 3, 9, 2 ], "texture": "#piece", "rotation": 270 },
				"up": { "uv": [ 7, 2, 9, 3 ], "texture": "#piece", "rotation": 90 },
				"north": { "uv": [ 7, 2, 8, 3 ], "texture": "#piece", "rotation": 270 },
				"south": { "uv": [ 9, 2, 8, 3 ], "texture": "#piece", "rotation": 90 },
				"west": { "uv": [ 7, 2, 9, 3 ], "texture": "#piece" },
				"east": { "uv": [ 9, 3, 7, 2 ], "texture": "#piece" }
			}
		},
		{
			"__comment": "Cube8",
			"from": [ 5, 8.5, 2.9999 ],
			"to": [ 11, 9, 3.9999 ],
			"faces": {
				"down": { "uv": [ 5, 3.5, 11, 3 ], "texture": "#piece", "cullface": "north" },
				"up": { "uv": [ 5, 3, 11, 3.5 ], "texture": "#piece", "cullface": "north" },
				"north": { "uv": [ 11, 4, 5, 3 ], "texture": "#piece", "cullface": "north" },
				"south": { "uv": [ 5, 2.5, 11, 3.5 ], "texture": "#piece", "cullface": "north" },
				"west": { "uv": [ 5, 3, 6, 3.5 ], "texture": "#piece", "cullface": "north", "rotation": 270 },
				"east": { "uv": [ 11, 3, 10, 3.5 ], "texture": "#piece", "cullface": "north", "rotation": 90 }
			}
		},
		{
			"__comment": "Cube9",
			"from": [ 4.9999, 8.5, 11.9999 ],
			"to": [ 10.9999, 9, 12.9999 ],
			"faces": {
				"down": { "uv": [ 5, 13, 11, 12 ], "texture": "#piece", "cullface": "north" },
				"up": { "uv": [ 5, 12, 11, 13 ], "texture": "#piece", "cullface": "north" },
				"north": { "uv": [ 11, 13, 5, 12 ], "texture": "#piece", "cullface": "north" },
				"south": { "uv": [ 5, 12, 11, 13 ], "texture": "#piece", "cullface": "north" },
				"west": { "uv": [ 5, 12, 6, 13 ], "texture": "#piece", "cullface": "north", "rotation": 270 },
				"east": { "uv": [ 11, 12, 10, 13 ], "texture": "#piece", "cullface": "north", "rotation": 90 }
			}
		},
		{
			"__comment": "Cube10",
			"from": [ 3.9999, 8.5, 3.9999 ],
			"to": [ 11.9999, 9, 4.9999 ],
			"faces": {
				"down": { "uv": [ 4, 5, 12, 4 ], "texture": "#piece", "cullface": "north" },
				"up": { "uv": [ 4, 4, 12, 5 ], "texture": "#piece", "cullface": "north" },
				"north": { "uv": [ 12, 5, 4, 4 ], "texture": "#piece", "cullface": "north" },
				"south": { "uv": [ 4, 4, 12, 5 ], "texture": "#piece", "cullface": "north" },
				"west": { "uv": [ 4, 4, 5, 5 ], "texture": "#piece", "cullface": "north", "rotation": 270 },
				"east": { "uv": [ 12, 4, 11, 5 ], "texture": "#piece", "cullface": "north", "rotation": 90 }
			}
		},
		{
			"__comment": "Cube13",
			"from": [ 3, 8.5, 4.9999 ],
			"to": [ 13, 9, 6.9999 ],
			"faces": {
				"down": { "uv": [ 3, 7, 13, 5 ], "texture": "#piece", "cullface": "north" },
				"up": { "uv": [ 3, 5, 13, 7 ], "texture": "#piece", "cullface": "north" },
				"north": { "uv": [ 13, 6, 3, 5 ], "texture": "#piece", "cullface": "north" },
				"south": { "uv": [ 3, 6, 13, 7 ], "texture": "#piece", "cullface": "north" },
				"west": { "uv": [ 3, 5, 4, 7 ], "texture": "#piece", "cullface": "north", "rotation": 270 },
				"east": { "uv": [ 13, 5, 12, 7 ], "texture": "#piece", "cullface": "north", "rotation": 90 }
			}
		},
		{
			"__comment": "Cube14",
			"from": [ 3, 8.5, 8.9999 ],
			"to": [ 13, 9, 10.9999 ],
			"faces": {
				"down": { "uv": [ 3, 11, 13, 9 ], "texture": "#piece", "cullface": "north" },
				"up": { "uv": [ 3, 9, 13, 11 ], "texture": "#piece", "cullface": "north" },
				"north": { "uv": [ 13, 10, 3, 9 ], "texture": "#piece", "cullface": "north" },
				"south": { "uv": [ 3, 10, 13, 11 ], "texture": "#piece", "cullface": "north" },
				"west": { "uv": [ 3, 9, 4, 11 ], "texture": "#piece", "cullface": "north", "rotation": 270 },
				"east": { "uv": [ 13, 9, 12, 11 ], "texture": "#piece", "cullface": "north", "rotation": 90 }
			}
		},
		{
			"__comment": "Cube16",
			"from": [ 2, 8.5, 6.9999 ],
			"to": [ 14, 9, 8.9999 ],
			"faces": {
				"down": { "uv": [ 2, 9, 14, 7 ], "texture": "#piece", "cullface": "north" },
				"up": { "uv": [ 2, 7, 14, 9 ], "texture": "#piece", "cullface": "north" },
				"north": { "uv": [ 14, 8, 2, 7 ], "texture": "#piece", "cullface": "north" },
				"south": { "uv": [ 2, 8, 14, 9 ], "texture": "#piece", "cullface": "north" },
				"west": { "uv": [ 2, 7, 3, 9 ], "texture": "#piece", "cullface": "north", "rotation": 270 },
				"east": { "uv": [ 14, 7, 13, 9 ], "texture": "#piece", "cullface": "north", "rotation": 90 }
			}
		},
		{
			"__comment": "Cube9",
			"from": [ 3.9999, 8.5, 11 ],
			"to": [ 11.9999, 9, 12 ],
			"faces": {
				"down": { "uv": [ 4, 12, 12, 11 ], "texture": "#piece", "cullface": "north" },
				"up": { "uv": [ 4, 11, 12, 12 ], "texture": "#piece", "cullface": "north" },
				"north": { "uv": [ 12, 12, 4, 11 ], "texture": "#piece", "cullface": "north" },
				"south": { "uv": [ 4, 11, 12, 12 ], "texture": "#piece", "cullface": "north" },
				"west": { "uv": [ 4, 11, 5, 12 ], "texture": "#piece", "cullface": "north", "rotation": 270 },
				"east": { "uv": [ 12, 11, 11, 12 ], "texture": "#piece", "cullface": "north", "rotation": 90 }
			}
		},
		{
			"__comment": "Cube6",
			"from": [ 6.9999, 8, 13.0002 ],
			"to": [ 8.9999, 8.5, 14.0002 ],
			"faces": {
				"down": { "uv": [ 7, 14, 9, 13 ], "texture": "#piece", "rotation": 270 },
				"up": { "uv": [ 7, 13, 8.5, 14 ], "texture": "#piece", "rotation": 90 },
				"north": { "uv": [ 7, 13, 8, 14 ], "texture": "#piece", "rotation": 270 },
				"south": { "uv": [ 8.5, 13, 7.5, 14 ], "texture": "#piece", "rotation": 90 },
				"west": { "uv": [ 7, 13, 8.5, 14 ], "texture": "#piece" },
				"east": { "uv": [ 8.5, 14, 7, 13 ], "texture": "#piece" }
			}
		},
		{
			"__comment": "Cube7",
			"from": [ 6.9998, 8, 1.9999 ],
			"to": [ 8.9998, 8.5, 2.9999 ],
			"faces": {
				"down": { "uv": [ 7, 3, 9, 2 ], "texture": "#piece", "rotation": 270 },
				"up": { "uv": [ 7, 2, 9, 3 ], "texture": "#piece", "rotation": 90 },
				"north": { "uv": [ 7, 2, 8, 3 ], "texture": "#piece", "rotation": 270 },
				"south": { "uv": [ 9, 2, 8, 3 ], "texture": "#piece", "rotation": 90 },
				"west": { "uv": [ 7, 2, 9, 3 ], "texture": "#piece" },
				"east": { "uv": [ 9, 3, 7, 2 ], "texture": "#piece" }
			}
		},
		{
			"__comment": "Cube8",
			"from": [ 4.9998, 8, 3 ],
			"to": [ 10.9998, 8.5, 4 ],
			"faces": {
				"down": { "uv": [ 5, 3.5, 11, 3 ], "texture": "#piece", "cullface": "north" },
				"up": { "uv": [ 5, 3, 11, 3.5 ], "texture": "#piece", "cullface": "north" },
				"north": { "uv": [ 11, 4, 5, 3 ], "texture": "#piece", "cullface": "north" },
				"south": { "uv": [ 5, 2.5, 11, 3.5 ], "texture": "#piece", "cullface": "north" },
				"west": { "uv": [ 5, 3, 6, 3.5 ], "texture": "#piece", "cullface": "north", "rotation": 270 },
				"east": { "uv": [ 11, 3, 10, 3.5 ], "texture": "#piece", "cullface": "north", "rotation": 90 }
			}
		},
		{
			"__comment": "Cube9",
			"from": [ 4.9999, 8, 12.0002 ],
			"to": [ 10.9999, 8.5, 13.0002 ],
			"faces": {
				"down": { "uv": [ 5, 13, 11, 12 ], "texture": "#piece", "cullface": "north" },
				"up": { "uv": [ 5, 12, 11, 13 ], "texture": "#piece", "cullface": "north" },
				"north": { "uv": [ 11, 13, 5, 12 ], "texture": "#piece", "cullface": "north" },
				"south": { "uv": [ 5, 12, 11, 13 ], "texture": "#piece", "cullface": "north" },
				"west": { "uv": [ 5, 12, 6, 13 ], "texture": "#piece", "cullface": "north", "rotation": 270 },
				"east": { "uv": [ 11, 12, 10, 13 ], "texture": "#piece", "cullface": "north", "rotation": 90 }
			}
		},
		{
			"__comment": "Cube10",
			"from": [ 3.9998, 8, 4.0001 ],
			"to": [ 11.9998, 8.5, 5.0001 ],
			"faces": {
				"down": { "uv": [ 4, 5, 12, 4 ], "texture": "#piece", "cullface": "north" },
				"up": { "uv": [ 4, 4, 12, 5 ], "texture": "#piece", "cullface": "north" },
				"north": { "uv": [ 12, 5, 4, 4 ], "texture": "#piece", "cullface": "north" },
				"south": { "uv": [ 4, 4, 12, 5 ], "texture": "#piece", "cullface": "north" },
				"west": { "uv": [ 4, 4, 5, 5 ], "texture": "#piece", "cullface": "north", "rotation": 270 },
				"east": { "uv": [ 12, 4, 11, 5 ], "texture": "#piece", "cullface": "north", "rotation": 90 }
			}
		},
		{
			"__comment": "Cube13",
			"from": [ 2.9999, 8, 5.0001 ],
			"to": [ 12.9999, 8.5, 7.0001 ],
			"faces": {
				"down": { "uv": [ 3, 7, 13, 5 ], "texture": "#piece", "cullface": "north" },
				"up": { "uv": [ 3, 5, 13, 7 ], "texture": "#piece", "cullface": "north" },
				"north": { "uv": [ 13, 6, 3, 5 ], "texture": "#piece", "cullface": "north" },
				"south": { "uv": [ 3, 6, 13, 7 ], "texture": "#piece", "cullface": "north" },
				"west": { "uv": [ 3, 5, 4, 7 ], "texture": "#piece", "cullface": "north", "rotation": 270 },
				"east": { "uv": [ 13, 5, 12, 7 ], "texture": "#piece", "cullface": "north", "rotation": 90 }
			}
		},
		{
			"__comment": "Cube14",
			"from": [ 2.9999, 8, 9.0001 ],
			"to": [ 12.9999, 8.5, 11.0001 ],
			"faces": {
				"down": { "uv": [ 3, 11, 13, 9 ], "texture": "#piece", "cullface": "north" },
				"up": { "uv": [ 3, 9, 13, 11 ], "texture": "#piece", "cullface": "north" },
				"north": { "uv": [ 13, 10, 3, 9 ], "texture": "#piece", "cullface": "north" },
				"south": { "uv": [ 3, 10, 13, 11 ], "texture": "#piece", "cullface": "north" },
				"west": { "uv": [ 3, 9, 4, 11 ], "texture": "#piece", "cullface": "north", "rotation": 270 },
				"east": { "uv": [ 13, 9, 12, 11 ], "texture": "#piece", "cullface": "north", "rotation": 90 }
			}
		},
		{
			"__comment": "Cube16",
			"from": [ 1.9999, 8, 7.0001 ],
			"to": [ 13.9999, 8.5, 9.000099 ],
			"faces": {
				"down": { "uv": [ 2, 9, 14, 7 ], "texture": "#piece", "cullface": "north" },
				"up": { "uv": [ 2, 7, 14, 9 ], "texture": "#piece", "cullface": "north" },
				"north": { "uv": [ 14, 8, 2, 7 ], "texture": "#piece", "cullface": "north" },
				"south": { "uv": [ 2, 8, 14, 9 ], "texture": "#piece", "cullface": "north" },
				"west": { "uv": [ 2, 7, 3, 9 ], "texture": "#piece", "cullface": "north", "rotation": 270 },
				"east": { "uv": [ 14, 7, 13, 9 ], "texture": "#piece", "cullface": "north", "rotation": 90 }
			}
		},
		{
			"__comment": "Cube9",
			"from": [ 3.9998, 8, 11.0002 ],
			"to": [ 11.9998, 8.5, 12.0002 ],
			"faces": {
				"down": { "uv": [ 4, 12, 12, 11 ], "texture": "#piece", "cullface": "north" },
				"up": { "uv": [ 4, 11, 12, 12 ], "texture": "#piece", "cullface": "north" },
				"north": { "uv": [ 12, 12, 4, 11 ], "texture": "#piece", "cullface": "north" },
				"south": { "uv": [ 4, 11, 12, 12 ], "texture": "#piece", "cullface": "north" },
				"west": { "uv": [ 4, 11, 5, 12 ], "texture": "#piece", "cullface": "north", "rotation": 270 },
				"east": { "uv": [ 12, 11, 11, 12 ], "texture": "#piece", "cullface": "north", "rotation": 90 }
			}
		}
	],
	"display": {
		"thirdperson_righthand": {
			"rotation":  [ -14, 90, -53 ],
			"translation":  [ 0, 1.65, 1.5 ],
			"scale":  [ 0.3, 0.3, 0.3 ]
		},
		"thirdperson_lefthand": {
			"rotation":  [ -14, -87, 49 ],
			"translation":  [ 0, 1.65, 1.5 ],
			"scale":  [ 0.3, 0.3, 0.3 ]
		},
		"firstperson_righthand": {
			"rotation":  [ 65, 0, 70 ],
			"translation":  [ 0, 2.2, 0 ],
			"scale":  [ 0.4, 0.4, 0.4 ]
		},
		"firstperson_lefthand": {
			"rotation":  [ 65, 0, 70 ],
			"translation":  [ 0, 2.2, 0 ],
			"scale":  [ 0.4, 0.4, 0.4 ]
		},
		"gui": {
			"rotation":  [ 90, 0, 0 ]
		},
		"head": {
			"rotation":  [ 90, -90, 0 ],
			"translation":  [ 0, 0, -8.347 ],
			"scale":  [ 1.2, 1.2, 1.2 ]
		},
		"ground": {
			"rotation":  [ 90, 0, 0 ],
			"translation":  [ 0, 2, 0 ],
			"scale":  [ 0.4, 0.4, 0.4 ]
		},
		"fixed": {
			"rotation":  [ -90, 0, 0 ],
			"translation":  [ 0, 0, 0.5 ],
			"scale":  [ 0.45, 0.45, 0.45 ]
		}
	}
}