{
	"credit": "Model from Minecraft 1.17",
	"textures": {
		"1": "./spyglass"
	},
	"gui_light": "front",
	"elements": [
		{
			"from": [7, 8.5, 7],
			"to": [9, 13.5, 9],
			"faces": {
				"north": {"uv": [0, 2, 2, 7], "texture": "#1"},
				"east": {"uv": [0, 2, 2, 7], "texture": "#1"},
				"south": {"uv": [0, 2, 2, 7], "texture": "#1"},
				"west": {"uv": [0, 2, 2, 7], "texture": "#1"},
				"up": {"uv": [0, 0, 2, 2], "texture": "#1"},
				"down": {"uv": [0, 0, 0, 0], "texture": "#1"}
			}
		},
		{
			"from": [6.9, 2.4, 6.9],
			"to": [9.1, 8.6, 9.1],
			"faces": {
				"north": {"uv": [0, 7, 2, 13], "texture": "#1"},
				"east": {"uv": [0, 7, 2, 13], "texture": "#1"},
				"south": {"uv": [0, 7, 2, 13], "texture": "#1"},
				"west": {"uv": [0, 7, 2, 13], "texture": "#1"},
				"up": {"uv": [0, 5, 2, 7], "texture": "#1"},
				"down": {"uv": [0, 13, 2, 15], "texture": "#1"}
			}
		}
	],
	"display": {
		"thirdperson_righthand": {
			"rotation": [-180, 0, 0],
			"translation": [0, 2.25, 0]
		},
		"thirdperson_lefthand": {
			"rotation": [-180, 0, 0],
			"translation": [0, 2.25, 0]
		},
		"firstperson_righthand": {
			"rotation": [116, 0, 0],
			"translation": [0, 0, -1],
			"scale": [1.5, 1.5, 1.5]
		},
		"firstperson_lefthand": {
			"rotation": [116, 0, 0],
			"translation": [0, 0, -1],
			"scale": [1.5, 1.5, 1.5]
		},
		"ground": {
			"rotation": [90, 0, 0]
		},
		"gui": {
			"rotation": [-67.5, 0, 45],
			"scale": [1.5, 1.5, 1.5]
		},
		"head": {
			"rotation": [90, 0, 0],
			"translation": [3.5, -1.5, -16],
			"scale": [1.6, 1.6, 1.6]
		},
		"fixed": {
			"translation": [0, 0, -1.5],
			"scale": [1.5, 1.5, 1.5]
		}
	}
}